employee_id,name,department,manager,basic_salary,bonus,net_pay
EMP-1000,Aarav Sharma,Engineering,Engineering Manager,55000,6600.0,61600.0
EMP-1001,Vivaan Reddy,HR,HR Manager,57475,6897.0,64372.0
EMP-1002,Aditya Singh,Finance,Finance Manager,59950,7194.0,67144.0
EMP-1003,Vihaan Gupta,Sales,Sales Manager,62425,7491.0,69916.0
EMP-1004,Ananya Jain,Operations,Operations Manager,64900,7788.0,72688.0
EMP-1005,Diya Chopra,Marketing,Marketing Manager,67375,8085.0,75460.0
EMP-1006,Meher Rao,Support,Support Manager,69850,8382.0,78232.0
EMP-1007,Ishaan Kulkarni,Engineering,Engineering Manager,72325,8679.0,81004.0
EMP-1008,Naina Nadkarni,HR,HR Manager,74800,8976.0,83776.0
EMP-1009,Kabir Mishra,Finance,Finance Manager,77275,9273.0,86548.0
EMP-1010,Riya Bhatt,Sales,Sales Manager,79750,9570.0,89320.0
EMP-1011,Arjun Shah,Operations,Operations Manager,82225,9867.0,92092.0
EMP-1012,Saanvi Bhardwaj,Marketing,Marketing Manager,84700,10164.0,94864.0
EMP-1013,Aditi Narang,Support,Support Manager,87175,10461.0,97636.0
EMP-1014,Pranav Menon,Engineering,Engineering Manager,89650,10758.0,100408.0
EMP-1015,Kavya Kukreja,HR,HR Manager,92125,11055.0,103180.0
EMP-1016,Reyansh Sathya,Finance,Finance Manager,94600,11352.0,105952.0
EMP-1017,Sara Lal,Sales,Sales Manager,97075,11649.0,108724.0
EMP-1018,Yash Ahuja,Operations,Operations Manager,99550,11946.0,111496.0
EMP-1019,Mira Patel,Marketing,Marketing Manager,102025,12243.0,114268.0
EMP-1020,Rohan Iyer,Support,Support Manager,104500,12540.0,117040.0
EMP-1021,Tanya Kapoor,Engineering,Engineering Manager,106975,12837.0,119812.0
EMP-1022,Dhruv Das,HR,HR Manager,109450,13134.0,122584.0
EMP-1023,Pooja Mehta,Finance,Finance Manager,111925,13431.0,125356.0
EMP-1024,Neil Malhotra,Sales,Sales Manager,114400,13728.0,128128.0
EMP-1025,Aisha Sen,Operations,Operations Manager,116875,14025.0,130900.0
EMP-1026,Rahul Agarwal,Marketing,Marketing Manager,119350,14322.0,133672.0
EMP-1027,Simran Saini,Support,Support Manager,121825,14619.0,136444.0
EMP-1028,Karan Arora,Engineering,Engineering Manager,124300,14916.0,139216.0
EMP-1029,Ira Pandey,HR,HR Manager,126775,15213.0,141988.0
EMP-1030,Rishabh Gandhi,Finance,Finance Manager,129250,15510.0,144760.0
EMP-1031,Nandini Pillai,Sales,Sales Manager,131725,15807.0,147532.0
EMP-1032,Harsh Suri,Operations,Operations Manager,134200,16104.0,150304.0
EMP-1033,Sofia Vora,Marketing,Marketing Manager,136675,16401.0,153076.0
EMP-1034,Dev Mohan,Support,Support Manager,139150,16698.0,155848.0
EMP-1035,Anika Purohit,Engineering,Engineering Manager,141625,16995.0,158620.0
EMP-1036,Kunal Kaur,HR,HR Manager,144100,17292.0,161392.0
EMP-1037,Charvi Verma,Finance,Finance Manager,146575,17589.0,164164.0
EMP-1038,Manav Nair,Sales,Sales Manager,149050,17886.0,166936.0
EMP-1039,Tanvi Khan,Operations,Operations Manager,151525,18183.0,169708.0
EMP-1040,Aryan Roy,Marketing,Marketing Manager,154000,18480.0,172480.0
EMP-1041,Zoya Saxena,Support,Support Manager,156475,18777.0,175252.0
EMP-1042,Jay Joshi,Engineering,Engineering Manager,158950,19074.0,178024.0
EMP-1043,Kiara Bose,HR,HR Manager,161425,19371.0,180796.0
EMP-1044,Abhinav Murthy,Finance,Finance Manager,163900,19668.0,183568.0
EMP-1045,Aanya Thakur,Sales,Sales Manager,166375,19965.0,186340.0
EMP-1046,Parth Yadav,Operations,Operations Manager,168850,20262.0,189112.0
EMP-1047,Esha Tiwari,Marketing,Marketing Manager,171325,20559.0,191884.0
EMP-1048,Ved Desai,Support,Support Manager,173800,20856.0,194656.0
EMP-1049,Krisha Sethi,Engineering,Engineering Manager,176275,21153.0,197428.0
EMP-1050,Mohit Venkatesh,HR,HR Manager,178750,21450.0,200200.0
EMP-1051,Shruti Batra,Finance,Finance Manager,181225,21747.0,202972.0
EMP-1052,Uday Dutta,Sales,Sales Manager,183700,22044.0,205744.0
EMP-1053,Jiya Mangal,Operations,Operations Manager,186175,22341.0,208516.0
EMP-1054,Ashish Bhatia,Marketing,Marketing Manager,188650,22638.0,211288.0
EMP-1055,Mitali Sharma,Support,Support Manager,191125,22935.0,214060.0
EMP-1056,Nikhil Reddy,Engineering,Engineering Manager,193600,23232.0,216832.0
EMP-1057,Shreya Singh,HR,HR Manager,196075,23529.0,219604.0
EMP-1058,Ritvik Gupta,Finance,Finance Manager,198550,23826.0,222376.0
EMP-1059,Anvi Jain,Sales,Sales Manager,56025,6723.0,62748.0
EMP-1060,Tarun Chopra,Operations,Operations Manager,58500,7020.0,65520.0
EMP-1061,Bhavna Rao,Marketing,Marketing Manager,60975,7317.0,68292.0
EMP-1062,Sahil Kulkarni,Support,Support Manager,63450,7614.0,71064.0
EMP-1063,Rhea Nadkarni,Engineering,Engineering Manager,65925,7911.0,73836.0
EMP-1064,Vansh Mishra,HR,HR Manager,68400,8208.0,76608.0
EMP-1065,Gargi Bhatt,Finance,Finance Manager,70875,8505.0,79380.0
EMP-1066,Ojas Shah,Sales,Sales Manager,73350,8802.0,82152.0
EMP-1067,Sakshi Bhardwaj,Operations,Operations Manager,75825,9099.0,84924.0
EMP-1068,Aman Narang,Marketing,Marketing Manager,78300,9396.0,87696.0
EMP-1069,Vaishnavi Menon,Support,Support Manager,80775,9693.0,90468.0
EMP-1070,Adwait Kukreja,Engineering,Engineering Manager,83250,9990.0,93240.0
EMP-1071,Nikita Sathya,HR,HR Manager,85725,10287.0,96012.0
EMP-1072,Himanshu Lal,Finance,Finance Manager,88200,10584.0,98784.0
EMP-1073,Palak Ahuja,Sales,Sales Manager,90675,10881.0,101556.0
EMP-1074,Naman Patel,Operations,Operations Manager,93150,11178.0,104328.0
EMP-1075,Khushi Iyer,Marketing,Marketing Manager,95625,11475.0,107100.0
EMP-1076,Rudra Kapoor,Support,Support Manager,98100,11772.0,109872.0
EMP-1077,Ishita Das,Engineering,Engineering Manager,100575,12069.0,112644.0
EMP-1078,Chetan Mehta,HR,HR Manager,103050,12366.0,115416.0
EMP-1079,Disha Malhotra,Finance,Finance Manager,105525,12663.0,118188.0
EMP-1080,Varun Sen,Sales,Sales Manager,108000,12960.0,120960.0
EMP-1081,Jasmine Agarwal,Operations,Operations Manager,110475,13257.0,123732.0
EMP-1082,Tejas Saini,Marketing,Marketing Manager,112950,13554.0,126504.0
EMP-1083,Samaira Arora,Support,Support Manager,115425,13851.0,129276.0
EMP-1084,Kartik Pandey,Engineering,Engineering Manager,117900,14148.0,132048.0
EMP-1085,Aarohi Gandhi,HR,HR Manager,120375,14445.0,134820.0
EMP-1086,Yuvraj Pillai,Finance,Finance Manager,122850,14742.0,137592.0
EMP-1087,Arihant Suri,Sales,Sales Manager,125325,15039.0,140364.0
EMP-1088,Manya Vora,Operations,Operations Manager,127800,15336.0,143136.0
EMP-1089,Vikram Mohan,Marketing,Marketing Manager,130275,15633.0,145908.0
EMP-1090,Pallavi Purohit,Support,Support Manager,132750,15930.0,148680.0
EMP-1091,Malhar Kaur,Engineering,Engineering Manager,135225,16227.0,151452.0
EMP-1092,Suhani Verma,HR,HR Manager,137700,16524.0,154224.0
EMP-1093,Rajan Nair,Finance,Finance Manager,140175,16821.0,156996.0
EMP-1094,Ayesha Khan,Sales,Sales Manager,142650,17118.0,159768.0
EMP-1095,Rudransh Roy,Operations,Operations Manager,145125,17415.0,162540.0
EMP-1096,Prerna Saxena,Marketing,Marketing Manager,147600,17712.0,165312.0
EMP-1097,Siddharth Joshi,Support,Support Manager,150075,18009.0,168084.0
EMP-1098,Sneha Bose,Engineering,Engineering Manager,152550,18306.0,170856.0
EMP-1099,Deepak Murthy,HR,HR Manager,155025,18603.0,173628.0
